MAINPREDIR,MAINPRETYPE,MAINNAME,MAINSUFDIR,MAINSUFTYPE,MAINFULNAME,ALS1PREDIR,ALS1PRETYPE,ALS1NAME,ALS1SUFDIR,ALS1SUFTYPE,ALS1FULNAME,ALS2PREDIR,ALS2PRETYPE,ALS2NAME,ALS2SUFDIR,ALS2SUFTYPE,ALS2FULNAME,ALS3PREDIR,ALS3PRETYPE,ALS3NAME,ALS3SUFDIR,ALS3SUFTYPE,ALS3FULNAME,OWNERSHIP,MAINTAINEDBY,FIPSCODE,NUMBLANES,FUNCTIONCODE,SURFACE,SURFACETYPE,ONEWAY,ONEWAYDIR,PAVSEGID,STATUS,COMMENTS,NOTES,ADDRNG_L_F,ADDRNG_L_T,ADDRNG_R_F,ADDRNG_R_T,CITY_L,CITY_R,COUNTY_L,COUNTY_R,STATE_L,STATE_R,ZIP_L,ZIP_R,COUNTRYCODE,BLOCKID_L,BLOCKID_R,CREATED_DATE,LAST_UPDATED,LAST_EDITOR,CURVE,ROAD_NUMB,CARTO_SYMB,ROW_WIDTH,PAVE_WIDTH,Enabled,GlobalID,created_user,last_edited_user,last_edited_date,Shape_Length
,,HUDSON AURORA,,RD,HUDSON AURORA RD,,,,,,,,,,,,,,,,,,,,,,,,,,0,,,,,,,,,,SV,SV,LYN,LYN,NV,NV,89430,89430,US,,,6/9/2021 18:27,6/9/2021 18:27,SDE,,,LOCAL,,,1,{00519D96-5D5C-4440-868C-57E05B8164B5},,,,21.984675117513014
,,,,,,,,,,,,,,,,,,,,,,,,,,,,,,,0,,,,,,,,,,WEL,WEL,LYN,LYN,NV,NV,89444,89444,US,,,6/9/2021 18:27,6/9/2021 18:27,SDE,,,DIRT,,,1,{00630252-636E-4BE7-8F4B-02C8D2259C0B},,,,3049.036435105942473
,,SECOND SOUTH,,ST,SECOND SOUTH ST,,,,,,,,,,,,,,,,,,,,,,,,,,0,,,,,,,,1,3,YER,YER,LYN,LYN,NV,NV,89447,89447,US,,,6/9/2021 18:27,6/9/2021 19:41,TSPROULE,,,LOCAL,,,1,{00B2101A-1ACE-4133-9A32-3E3A9A1F61E6},,,,369.997316672577995
,,RIVER VISTA,,DR,RIVER VISTA DR,,,,,,,,,,,,,,,,,,,,,,,,,,0,,,,,,1,11,2,10,DAY,DAY,LYN,LYN,NV,NV,89403,89403,US,,,6/9/2021 18:27,6/9/2021 18:27,SDE,,,LOCAL,,,1,{00C987E3-8290-4EC7-96BA-C71A268BA92C},,,,543.910685463828827
,,DAY,,LN,DAY LN,,,,,,,,,,,,,,,,,,,,NM,,,M,,,0,,,,,,41,99,40,98,SV,SV,LYN,LYN,NV,NV,89430,89430,US,,,6/9/2021 18:27,6/9/2021 18:27,SDE,,,LOCAL,,,1,{00EA8BDA-D09B-408A-B541-F30BE6B76C38},,,,3283.204215873538033
,,ROSEBUD,,WAY,ROSEBUD WAY,,,,,,,,,,,,,,,,,,,,,,,,,,0,,,,,,1001,1025,1000,1024,YER,YER,LYN,LYN,NV,NV,89447,89447,US,,,6/9/2021 18:27,6/9/2021 18:27,SDE,,,LOCAL,,,1,{0143D5CF-B1E9-4B3C-A9E0-38B2FB5A42A9},,,,514.010246357594724
,,DESERT VIEW,,DR,DESERT VIEW DR,,,,,,,,,,,,,,,,,,,,NM,,,M,,,0,,,,,,30,68,31,69,SV,SV,LYN,LYN,NV,NV,89430,89430,US,,,6/9/2021 18:27,6/9/2021 18:27,SDE,,,LOCAL,,,1,{01AD5E91-7769-4E23-A3EB-6E38A9586FB4},,,,2144.943419548991642
,,HARDIE,,LN,HARDIE LN,,,,,,,,,,,,,,,,,,,,M,,,A,,,0,,,,,,77,113,76,114,SV,SV,LYN,LYN,NV,NV,89430,89430,US,,,6/9/2021 18:27,6/9/2021 18:27,SDE,,,LOCAL,,,1,{01BDA3F6-33DB-4264-BD3B-BA2836DB6AFA},,,,1990.736881139945126
,,GRANT VIEW,,DR,GRANT VIEW DR,,,,,,,,,,,,,,,,,,,,,,,C,,,0,,,,,,11,99,10,98,SV,SV,LYN,LYN,NV,NV,89430,89430,US,,,6/9/2021 18:27,6/9/2021 18:27,SDE,,,LOCAL,,,1,{01D2DFC9-B365-46A4-BD58-05E43CFC454B},,,,3925.667780937640600
,,MT GRANT,,DR,MT GRANT DR,,,,,,,,,,,,,,,,,,,,,,,,,,0,,,,,,270,278,271,279,SV,SV,LYN,LYN,NV,NV,89430,89430,US,,,6/9/2021 18:27,6/9/2021 18:27,SDE,,,LOCAL,,,1,{020B3EDD-6FCA-45F7-9253-35701D7E9EB5},,,,374.446262104775599
,,THIRD SOUTH,,ST,THIRD SOUTH ST,,,,,,,,,,,,,,,,,,,,,,,,,,0,,,,,,601,649,600,648,YER,YER,LYN,LYN,NV,NV,89447,89447,US,,,6/9/2021 18:27,6/9/2021 18:27,SDE,,,LOCAL,,,1,{02127BC9-E43D-452E-AFAE-0125D680508D},,,,379.919284713291063
,NV,208,,HWY,NV HWY 208,,,WELLINGTON CUT-OFF,,,WELLINGTON CUT-OFF,,,,,,,,,,,,,,,,,,,,0,,,,,,50,298,51,299,WEL,WEL,LYN,LYN,NV,NV,89444,89444,US,,,6/9/2021 18:27,6/9/2021 18:27,SDE,,,SR,,,1,{0219A410-84E9-460C-B21D-29AE6C01D987},,,,13337.332110738265328
,,WARREN,,ST,WARREN ST,,,,,,,,,,,,,,,,,,,,,,,,,,0,,,,,,,,,,YER,YER,LYN,LYN,NV,NV,89447,89447,US,,,6/9/2021 18:27,6/9/2021 18:27,SDE,,,DIRT,,,1,{02FF4CBE-7F11-457C-BC69-4F7309FDCD64},,,,42.829282972972990
,,WHITACRE,,AVE,WHITACRE AVE,,,,,,,,,,,,,,,,,,,,,,,,,,0,,,,,,100,198,101,199,YER,YER,LYN,LYN,NV,NV,89447,89447,US,,,6/9/2021 18:27,6/9/2021 18:27,SDE,,,LOCAL,,,1,{034B2771-6F45-47CC-9783-F2C4CFE1622A},,,,297.577199906280384
,,,,,,,,,,,,,,,,,,,,,,,,,,,,,,,0,,,,,,,,,,YER,YER,LYN,LYN,NV,NV,89447,89447,US,,,6/9/2021 18:27,6/9/2021 18:27,SDE,,,LOCAL,,,1,{039B6F82-2790-4700-9C9C-F4481F23F263},,,,801.989641397973287
,,,,,,,,,,,,,,,,,,,,,,,,,,,,,,,0,,,,,,,,,,WEL,WEL,LYN,LYN,NV,NV,89444,89444,US,,,6/9/2021 18:27,6/9/2021 18:27,SDE,,,DIRT,,,1,{0408DC98-6755-4A8A-A2C1-DFD96862D546},,,,728.062714656022422
,,JEANETTE,,DR,JEANETTE DR,,,,,,,,,,,,,,,,,,,,,,,,,,0,,,,,,7,9,10,10,CAR,CAR,LYN,LYN,NV,NV,89706,89706,US,,,6/9/2021 18:27,6/9/2021 18:27,SDE,,,LOCAL,,,1,{0452DC88-1167-46F0-AF02-A17BAB00C9E8},,,,348.239833424875258
,,NORDYKE,,RD,NORDYKE RD,,,,,,,,,,,,,,,,,,,,,,,,,GR,0,,,,,,8,16,7,15,YER,YER,LYN,LYN,NV,NV,89447,89447,US,,,6/9/2021 18:27,6/9/2021 18:27,SDE,,,LOCAL,,,1,{046643B7-58E5-4609-8A86-958F3AE4F013},,,,2242.733025182320489
,,,,,,,,,,,,,,,,,,,,,,,,,,,,,,,0,,,,,,301,305,311,307,YER,YER,LYN,LYN,NV,NV,89447,89447,US,,,6/9/2021 18:27,6/21/2021 15:16,TSPROULE,,,LOCAL,,,1,{04955677-048A-402C-A458-765CB575841E},,,,103.120954213365550
S,,BYBEE,,LN,S BYBEE LN,,,,,,,,,,,,,,,,,,,,,,,,,GR,0,,,,,,42,60,41,59,YER,YER,LYN,LYN,NV,NV,89447,89447,US,,,6/9/2021 18:27,6/9/2021 18:27,SDE,,,LOCAL,,,1,{04A34A9F-C77F-49EC-8A90-3615466979F6},,,,1314.764738762472234
,,SANTA THERESA,,DR,SANTA THERESA DR,,,,,,,,,,,,,,,,,,,,M,,,L,,,0,,,,,,300,358,301,359,WEL,WEL,LYN,LYN,NV,NV,89444,89444,US,,,6/9/2021 18:27,6/9/2021 18:27,SDE,,,LOCAL,,,1,{053DA3E0-D22D-458F-AB8C-B53D8743B016},,,,906.929783962750435
,,MEADOW,,DR,MEADOW DR,,,,,,,,,,,,,,,,,,,,,,,,,,0,,,,,,100,116,101,117,YER,YER,LYN,LYN,NV,NV,89447,89447,US,,,6/9/2021 18:27,6/9/2021 18:27,SDE,,,LOCAL,,,1,{0566CE9A-E6D8-492C-B846-ABF9D1231FF4},,,,236.041757912691253
,,PYRAMID,,AVE,PYRAMID AVE,,,,,,,,,,,,,,,,,,,,,,,,,,0,,,,,,,,,,YER,YER,LYN,LYN,NV,NV,89447,89447,US,,,6/9/2021 18:27,6/9/2021 18:27,SDE,,,LOCAL,,,1,{05921535-4B56-4F5D-A27E-0A7A2C8D108F},,,,127.527530181629771
,,STAR VIEW,,LN,STAR VIEW LN,,,,,,,,,,,,,,,,,,,,,,,,,,0,,,,,,121,129,120,130,WEL,WEL,LYN,LYN,NV,NV,89444,89444,US,,,6/9/2021 18:27,6/9/2021 18:27,SDE,,,LOCAL,,,1,{059BAD69-CD7B-4B08-81DB-4AAA246BBE58},,,,231.689568705573407
,,CHARLOTTE,,AVE,CHARLOTTE AVE,,,,,,,,,,,,,,,,,,,,,,,,,,0,,,,,,422,500,421,499,YER,YER,LYN,LYN,NV,NV,89447,89447,US,,,6/9/2021 18:27,6/9/2021 18:27,SDE,,,LOCAL,,,1,{064730D4-3457-4F69-995A-1CCDD8C2C98B},,,,97.771008573141998
,,BULK PLANT,,RD,BULK PLANT RD,,,,,,,,,,,,,,,,,,,,,,,,,,0,,,,,,1,27,2,28,YER,YER,LYN,LYN,NV,NV,89447,89447,US,,,6/9/2021 18:27,6/17/2021 15:50,TSPROULE,,,LOCAL,,,1,{06547A51-E32E-4FDD-9B1F-8F53AC725A09},,,,1184.938655835503596
,,SHEPARDS,,WAY,SHEPARDS WAY,,,,,,,,,,,,,,,,,,,,,,,,,,0,,,,,,1233,1243,1245,1253,YER,YER,LYN,LYN,NV,NV,89447,89447,US,,,6/9/2021 18:27,6/9/2021 18:27,SDE,,,LOCAL,,,1,{06BADD0C-192F-4B08-9B15-7B21E093F459},,,,3300.390283180673578
,NV,208,,HWY,NV HWY 208,,,WELLINGTON CUT-OFF,,,WELLINGTON CUT-OFF,,,,,,,,,,,,,,,,,,,,0,,,,,,2765,2769,2764,2768,WEL,WEL,LYN,LYN,NV,NV,89444,89444,US,,,6/9/2021 18:27,6/9/2021 18:27,SDE,,,SR,,,1,{070C5DD7-D5E5-44B7-A32E-2CEB222FCB7D},,,,378.317951426503441
,,SECOND,,AVE,SECOND AVE,,,,,,,,,,,,,,,,,,,,,,,,,,0,,,,,,301,315,300,314,YER,YER,LYN,LYN,NV,NV,89447,89447,US,,,6/9/2021 18:27,6/9/2021 18:27,SDE,,,LOCAL,,,1,{07154315-23DB-4748-AB10-2F6C982FC6D2},,,,430.155296228187353
,,VANFLEET,,LN,VANFLEET LN,,,,,,,,,,,,,,,,,,,,,,,,,GR,0,,,,,,1,31,2,32,YER,YER,LYN,LYN,NV,NV,89447,89447,US,,,6/9/2021 18:27,6/9/2021 18:27,SDE,,,LOCAL,,,1,{0734401E-5941-4E68-9935-E8CBAD1125F0},,,,1426.157148520720284
,,WILLOW,,DR,WILLOW DR,,,,,,,,,,,,,,,,,,,,,,,,,,0,,,,,,1,15,0,14,YER,YER,LYN,LYN,NV,NV,89447,89447,US,,,6/9/2021 18:27,6/9/2021 18:27,SDE,,,LOCAL,,,1,{073F3FF4-C47C-46D6-824C-24633D3249E3},,,,370.022899196767867
,,CIRCLE,,DR,CIRCLE DR,,,,,,,,,,,,,,,,,,,,M,,,C,,,0,,,,,,1,15,2,14,WEL,WEL,LYN,LYN,NV,NV,89444,89444,US,,,6/9/2021 18:27,6/9/2021 18:27,SDE,,,LOCAL,,,1,{076D8BB4-A864-487C-A1C7-5588E317DDB3},,,,840.772608879486484
,,MOBIL,,CT,MOBIL CT,,,,,,,,,,,,,,,,,,,,,,,,,,0,,,,,,3,4,8,5,YER,YER,LYN,LYN,NV,NV,89447,89447,US,,,6/9/2021 18:27,6/9/2021 18:27,SDE,,,LOCAL,,,1,{07BB5588-F664-4B67-B57E-96F05977C656},,,,56.072562993489967
,,,,,,,,,,,,,,,,,,,,,,,,,,,,,,,0,,,,,,,,,,CAR,CAR,LYN,LYN,NV,NV,89706,89706,US,,,6/9/2021 18:27,6/9/2021 18:27,SDE,,,DIRT,,,1,{07DE0153-65FA-4BDF-BEA8-E581B9A813B9},,,,1300.513816601460803
,,HAMER,,LN,HAMER LN,,,,,,,,,,,,,,,,,,,,,,,,,NM,0,,,,,,71,109,72,100,YER,YER,LYN,LYN,NV,NV,89447,89447,US,,,6/9/2021 18:27,6/9/2021 18:27,SDE,,,LOCAL,,,1,{09543F72-CA88-4FE0-B7AE-8AB47D62A38D},,,,1994.042328805130182
,,FOURTH,,AVE,FOURTH AVE,,,,,,,,,,,,,,,,,,,,,,,,,,0,,,,,,143,155,144,156,YER,YER,LYN,LYN,NV,NV,89447,89447,US,,,6/9/2021 18:27,6/9/2021 18:27,SDE,,,LOCAL,,,1,{09937BA7-3547-403C-A4A8-C1D4F64231A7},,,,429.983014189768141
,,HUDSON AURORA,,RD,HUDSON AURORA RD,,,,,,,,,,,,,,,,,,,,,,,C,,,0,,,,,,180,198,181,199,SV,SV,LYN,LYN,NV,NV,89430,89430,US,,,6/9/2021 18:27,6/9/2021 18:27,SDE,,,LOCAL,,,1,{09A51DDD-3D87-41B9-993E-053A85723193},,,,1687.411174633050678
,,HARDIE,,LN,HARDIE LN,,,,,,,,,,,,,,,,,,,,M,,,A,,,0,,,,,,1,29,2,28,SV,SV,LYN,LYN,NV,NV,89430,89430,US,,,6/9/2021 18:27,6/9/2021 18:27,SDE,,,LOCAL,,,1,{09BB0B99-EE59-49D5-B7CD-32BB2D2777EB},,,,1987.010228067663775
,,CHIANTI,,WAY,CHIANTI WAY,,,,,,,,,,,,,,,,,,,,,,,,,,0,,,,,,420,426,421,427,DAY,DAY,LYN,LYN,NV,NV,89403,89403,US,,,6/9/2021 18:27,6/9/2021 18:27,SDE,,,LOCAL,,,1,{0A101535-876B-47D6-B100-6C2376D98487},,,,213.097721435090392
,,THIRD NORTH,,ST,THIRD NORTH ST,,,,,,,,,,,,,,,,,,,,,,,,,,0,,,,,,,,,,YER,YER,LYN,LYN,NV,NV,89447,89447,US,,,6/9/2021 18:27,6/9/2021 18:27,SDE,,,LOCAL,,,1,{0A4A08E3-53B4-43DD-A8C6-FA32661A5F12},,,,212.007350510256430
,,CREMETTI,,LN,CREMETTI LN,,,,,,,,,,,,,,,,,,,,,,,,,,0,,,,,,1,29,2,30,YER,YER,LYN,LYN,NV,NV,89447,89447,US,,,6/9/2021 18:27,6/9/2021 18:27,SDE,,,LOCAL,,,1,{0B1C4B39-C19C-4746-92EE-EA0FA93A81AE},,,,5266.549265686051513
,NV,339,,HWY,NV HWY 339,,,VETERANS MEMORIAL,,HWY,VETERANS MEMORIAL HWY,,,,,,,,,,,,,,,,,,,,0,,,,,,266,268,271,273,YER,YER,LYN,LYN,NV,NV,89447,89447,US,,,6/9/2021 18:27,6/9/2021 18:27,SDE,,339,SR,,,1,{0B295DB1-B230-456A-A8EE-4C7800B2675B},,,,207.771267221383908
,,RIVER VIEW,,DR,RIVER VIEW DR,,,,,,,,,,,,,,,,,,,,NM,,,M,,,0,,,,,,,,,,WEL,WEL,LYN,LYN,NV,NV,89444,89444,US,,,6/9/2021 18:27,6/9/2021 18:27,SDE,,,LOCAL,,,1,{0BD4D8A1-EC7A-4E11-AE28-005CC59A13AC},,,,991.590171111308109
,,STEWART,,AVE,STEWART AVE,,,,,,,,,,,,,,,,,,,,,,,,,,0,,,,,,,,,,YER,YER,LYN,LYN,NV,NV,89447,89447,US,,,6/9/2021 18:27,6/9/2021 18:27,SDE,,,DIRT,,,1,{0C876482-5331-4262-8856-51F38E413D5C},,,,230.191355051415115
,,HIGHGRADE,,RD,HIGHGRADE RD,,,,,,,,,,,,,,,,,,,,,,,,,GR,0,,,,,,9,11,10,12,YER,YER,LYN,LYN,NV,NV,89447,89447,US,,,6/9/2021 18:27,6/9/2021 18:27,SDE,,,LOCAL,,,1,{0C87EA30-3C72-44F5-BDC3-61B574D153FC},,,,215.513384188307953
S,,CALIFORNIA,,ST,S CALIFORNIA ST,,,,,,,,,,,,,,,,,,,,,,,,,,0,,,,,,400,450,401,449,YER,YER,LYN,LYN,NV,NV,89447,89447,US,,,6/9/2021 18:27,6/9/2021 18:27,SDE,,,LOCAL,,,1,{0C9AEAC4-C648-4D59-95C7-B14533AE7A6C},,,,624.093572691645022
,,FIRST NORTH,,ST,FIRST NORTH ST,,,,,,,,,,,,,,,,,,,,,,,,,,0,,,,,,,,,,YER,YER,LYN,LYN,NV,NV,89447,89447,US,,,6/9/2021 18:27,6/9/2021 18:27,SDE,,,LOCAL,,,1,{0C9E571E-F0DC-46C6-9DFD-FDA279CF4632},,,,369.996421358283442
,,MARRIOTT,,WAY,MARRIOTT WAY,,,,,,,,,,,,,,,,,,,,,,,,,,0,,,,,,1,5,2,3,YER,YER,LYN,LYN,NV,NV,89447,89447,US,,,6/9/2021 18:27,6/17/2021 16:41,TSPROULE,,,LOCAL,,,1,{0D8E895B-BB0C-4CFD-9086-E1DD28D910AB},,,,961.985883309925384
,,EUREKA,,ST,EUREKA ST,,,,,,,,,,,,,,,,,,,,,,,,,,0,,,,,,420,427,,,YER,YER,LYN,LYN,NV,NV,89447,89447,US,,,6/9/2021 18:27,6/9/2021 18:27,SDE,,,LOCAL,,,1,{0D918C1E-2AAA-42FF-B33F-32801A5FAD7A},,,,670.080393203199151
,,RATTLER,,WAY,RATTLER WAY,,,,,,,,,,,,,,,,,,,,,,,,,,0,,,,,,87,95,88,96,CAR,CAR,LYN,LYN,NV,NV,89706,89706,US,,,6/9/2021 18:27,6/9/2021 18:27,SDE,,,LOCAL,,,1,{0E1DF71F-D592-43DE-AA2F-5ED994A9F66D},,,,468.819486280313356
,,ACCIARI,,RD,ACCIARI RD,,,,,,,,,,,,,,,,,,,,NM,,,M,,,0,,,,,,2,48,1,49,SV,SV,LYN,LYN,NV,NV,89430,89430,US,,,6/9/2021 18:27,6/9/2021 18:27,SDE,,,LOCAL,,,1,{0E1FB149-35AF-4406-936F-6FB11F5772EA},,,,3910.237673537882984
,,ORCHARD,,ST,ORCHARD ST,,,,,,,,,,,,,,,,,,,,,,,,,,0,,,,,,1,99,2,98,YER,YER,LYN,LYN,NV,NV,89447,89447,US,,,6/9/2021 18:27,6/9/2021 18:27,SDE,,,LOCAL,,,1,{0E2C0AEF-B44B-4691-95FD-52B2040C806C},,,,323.624005735094329
,,RIVER,,AVE,RIVER AVE,,,,,,,,,,,,,,,,,,,,,,,,,,0,,,,,,701,709,700,712,YER,YER,LYN,LYN,NV,NV,89447,89447,US,,,6/9/2021 18:27,6/9/2021 18:27,SDE,,,LOCAL,,,1,{0E87AEBE-611E-4ED8-8782-555473C9B49B},,,,429.998629656318826
,,PETE HENRICHS,,RD,PETE HENRICHS RD,,,,,,,,,,,,,,,,,,,,,,,,,CS,0,,,,,,400,458,401,459,YER,YER,LYN,LYN,NV,NV,89447,89447,US,,,6/9/2021 18:27,6/9/2021 18:27,SDE,,,LOCAL,,,1,{0EF434C7-318C-4ACF-86D3-E0217214938B},,,,1839.045484447187619
,,ALEXIS,,RD,ALEXIS RD,,,,,,,,,,,,,,,,,,,,,,,,,,0,,,,,,28,30,33,35,YER,YER,LYN,LYN,NV,NV,89447,89447,US,,,6/9/2021 18:27,6/17/2021 15:59,TSPROULE,,,LOCAL,,,1,{0F51C874-698D-40A7-83F1-A40DA996DC5B},,,,2654.084709471827409
,,WEED HEIGHTS,,RD,WEED HEIGHTS RD,,,,,,,,,,,,,,,,,,,,,,,,,,0,,,,,,2,1000,,,YER,YER,LYN,LYN,NV,NV,89447,89447,US,,,6/9/2021 18:27,6/17/2021 16:41,TSPROULE,,,LOCAL,,,1,{0FE2CEBD-12CC-4C36-BB3E-950830AB124F},,,,9173.952259353089175
,,JEANETTE,,DR,JEANETTE DR,,,,,,,,,,,,,,,,,,,,,,,,,,0,,,,,,5,5,6,8,CAR,CAR,LYN,LYN,NV,NV,89706,89706,US,,,6/9/2021 18:27,6/9/2021 18:27,SDE,,,LOCAL,,,1,{105303C1-835A-4CF6-9550-B5C48023D057},,,,162.955833245697960
,,SECOND,,AVE,SECOND AVE,,,,,,,,,,,,,,,,,,,,,,,,,,0,,,,,,352,364,355,375,YER,YER,LYN,LYN,NV,NV,89447,89447,US,,,6/9/2021 18:27,6/9/2021 18:27,SDE,,,LOCAL,,,1,{10795D98-17A9-4BEA-ABDA-E0E320674A94},,,,429.999651491203622
,,GIACOMETTO,,LN,GIACOMETTO LN,,,,,,,,,,,,,,,,,,,,,,,,,,0,,,,,,2,40,1,39,YER,YER,LYN,LYN,NV,NV,89447,89447,US,,,6/9/2021 18:27,6/9/2021 18:27,SDE,,,LOCAL,,,1,{10824F4C-6B5A-428F-A851-4FC4CE5FF3EA},,,,2958.742829537818579
,NV,208,,HWY,NV HWY 208,,,,,,,,,,,,,,,,,,,,,,,,,,0,,,,,,1313,1379,1312,1378,YER,YER,LYN,LYN,NV,NV,89447,89447,US,,,6/9/2021 18:27,6/9/2021 20:07,TSPROULE,,208,SR,,,1,{10C8E6DA-D12B-4E90-9953-FEAD5EDEE540},,,,2616.331801131073462
,NV,338,,HWY,NV HWY 338,,,,,,,,,,,,,,,,,,,,,,,,,,0,,,,,,41,179,40,178,SV,SV,LYN,LYN,NV,NV,89430,89430,US,,,6/9/2021 18:27,6/9/2021 18:27,SDE,,338,SR,,,1,{10D57783-427C-4078-884B-182067716B2D},,,,5306.881655348443928
,,TOGNOLI,,LN,TOGNOLI LN,,,,,,,,,,,,,,,,,,,,,,,,,CCS,0,,,,,,2,48,1,49,YER,YER,LYN,LYN,NV,NV,89447,89447,US,,,6/9/2021 18:27,6/9/2021 18:27,SDE,,,LOCAL,,,1,{11410801-809B-4CA0-9853-BB4D2194B3A1},,,,4501.527653562416162
,,MAPLE,,DR,MAPLE DR,,,,,,,,,,,,,,,,,,,,,,,,,,0,,,,,,30,29,46,47,YER,YER,LYN,LYN,NV,NV,89447,89447,US,,,6/9/2021 18:27,6/9/2021 18:27,SDE,,,LOCAL,,,1,{115D8AD3-60B7-486D-BD12-267502A37548},,,,330.033777458837790
,,BORSINI,,LN,BORSINI LN,,,,,,,,,,,,,,,,,,,,,,,,,CCS,0,,,,,,11,13,10,12,YER,YER,LYN,LYN,NV,NV,89447,89447,US,,,6/9/2021 18:27,6/9/2021 18:27,SDE,,,LOCAL,,,1,{1169593D-5CB2-465E-87B6-625D22EC863B},,,,951.000560277975410
,,BUM STEER,,RD,BUM STEER RD,,,,,,,,,,,,,,,,,,,,,,,,,,0,,,,,,2,30,1,29,YER,YER,LYN,LYN,NV,NV,89447,89447,US,,,6/9/2021 18:27,6/9/2021 18:27,SDE,,,LOCAL,,,1,{1172409D-B6B5-4DE0-9A94-A3D0F520564A},,,,1132.518557792885758
,,CHARI,,DR,CHARI DR,,,,,,,,,,,,,,,,,,,,,,,,,,0,,,,,,770,778,771,779,CAR,CAR,LYN,LYN,NV,NV,89706,89706,US,,,6/9/2021 18:27,6/9/2021 18:27,SDE,,,LOCAL,,,1,{12117E47-5476-4F39-9059-2A8813E778F2},,,,266.037769040765568
,NV,338,,HWY,NV HWY 338,,,,,,,,,,,,,,,,,,,,,,,,,,0,,,,,,201,339,200,338,SV,SV,LYN,LYN,NV,NV,89430,89430,US,,,6/9/2021 18:27,6/9/2021 18:27,SDE,,338,SR,,,1,{1225462C-4CD9-4CAE-9253-47CFBB1F723D},,,,6144.230925269379441
,,MACKENZIE,,LN,MACKENZIE LN,,,,,,,,,,,,,,,,,,,,,,,,,CCS,0,,,,,,109,131,108,130,YER,YER,LYN,LYN,NV,NV,89447,89447,US,,,6/9/2021 18:27,6/9/2021 18:27,SDE,,,LOCAL,,,1,{122AEAF6-B4FB-4F79-8CFE-8DA75F7C351D},,,,5318.716846571376664
,,ARTESIA,,RD,ARTESIA RD,,,,,,,,,,,,,,,,,,,,M,,,A,,,0,,,,,,231,249,230,248,WEL,WEL,LYN,LYN,NV,NV,89444,89444,US,,,6/9/2021 18:27,6/9/2021 18:27,SDE,,,LOCAL,,,1,{12ABADDE-6986-45A1-AFF3-4588D6040C9A},,,,695.880528712345949
,,HAWKVIEW,,RD,HAWKVIEW RD,,,,,,,,,,,,,,,,,,,,,,,,,,0,,,,,,2,68,1,69,WEL,WEL,LYN,LYN,NV,NV,89444,89444,US,,,6/9/2021 18:27,6/9/2021 18:27,SDE,,,LOCAL,,,1,{13C4731A-CC4A-4EAB-9100-AA8AECDD4077},,,,3261.870085287916936
,,ZACHARY,,RD,ZACHARY RD,,,,,,,,,,,,,,,,,,,,,,,,,,0,,,,,,,,,,YER,YER,LYN,LYN,NV,NV,89447,89447,US,,,6/9/2021 18:27,6/9/2021 18:27,SDE,,,LOCAL,,,1,{13C61AD6-E22A-488D-B3B0-AAAC0D4E7055},,,,247.441212831081003
,,GARMS,,CIR,GARMS CIR,,,,,,,,,,,,,,,,,,,,NM,,,M,,,0,,,,,,1,69,2,68,SV,SV,LYN,LYN,NV,NV,89430,89430,US,,,6/9/2021 18:27,6/9/2021 18:27,SDE,,,LOCAL,,,1,{141D7720-25BC-4ED7-A200-C04CD22F4ECE},,,,3457.381952805200854
,,BRIDGE,,ST,BRIDGE ST,,NV,340,,HWY,NV HWY 340,,,,,,,,,,,,,,,,,,,,0,,,,,,101,199,100,198,YER,YER,LYN,LYN,NV,NV,89447,89447,US,,,6/9/2021 18:27,6/9/2021 18:27,SDE,,,LOCAL,,,1,{141EC1AD-0F40-40F5-AB8D-79CD8186B636},,,,357.443888697759064
,,PIT,,RD,PIT RD,,,,,,,,,,,,,,,,,,,,,,,,,,0,,,,,,41,59,40,58,WEL,WEL,LYN,LYN,NV,NV,89444,89444,US,,,6/9/2021 18:27,6/9/2021 18:27,SDE,,,LOCAL,,,1,{142A4E52-5758-4166-8D16-B66A37CC9962},,,,610.183385377358945
,,PARTRIDGE,,PL,PARTRIDGE PL,,,,,,,,,,,,,,,,,,,,NM,,,M,,,0,,,,,,1,9,2,8,SV,SV,LYN,LYN,NV,NV,89430,89430,US,,,6/9/2021 18:27,6/9/2021 18:27,SDE,,,LOCAL,,,1,{149548AB-582B-4B5E-B422-8EBDDD5BA724},,,,299.997831697769357
,,HAWKVIEW,,RD,HAWKVIEW RD,,,,,,,,,,,,,,,,,,,,,,,,,,0,,,,,,80,92,81,93,WEL,WEL,LYN,LYN,NV,NV,89444,89444,US,,,6/9/2021 18:27,6/9/2021 18:27,SDE,,,LOCAL,,,1,{14FD5D61-BE29-4131-895B-3D493BA57D92},,,,651.531813309673453
,,,,,,,,,,,,,,,,,,,,,,,,,,,,,,,0,,,,,,,,,,YER,YER,LYN,LYN,NV,NV,89447,89447,US,,,6/9/2021 18:27,6/9/2021 18:27,SDE,,,LOCAL,,,1,{1546A383-B5C1-41CA-B1C9-A4F596F0E52D},,,,3428.881655311321083
,NV,208,,HWY,NV HWY 208,,,,,,,,,,,,,,,,,,,,,,,,,,0,,,,,,,,,,SV,SV,LYN,LYN,NV,NV,89430,89430,US,,,6/9/2021 18:27,6/9/2021 18:27,SDE,,208,SR,,,1,{15B5E027-52A0-4FCF-B0F8-ACF5AB9C3791},,,,19.341694991748803
,,GEMSTONE,,AVE,GEMSTONE AVE,,,,,,,,,,,,,,,,,,,,,,,,,CS,0,,,,,,1,19,2,20,YER,YER,LYN,LYN,NV,NV,89447,89447,US,,,6/9/2021 18:27,6/9/2021 18:27,SDE,,,LOCAL,,,1,{16325B66-991B-402E-97D0-38819CAA53BF},,,,907.411729627014438
,,LOWER COLONY,,RD,LOWER COLONY RD,,,,,,,,,,,,,,,,,,,,,,,,,,0,,,,,,1,9,2,8,WEL,WEL,LYN,LYN,NV,NV,89444,89444,US,,,6/9/2021 18:27,6/9/2021 18:27,SDE,,,LOCAL,,,1,{166D5ABB-5384-472F-8AD5-C2AC6F045ADC},,,,806.359997856351811
,,PURSEL,,LN,PURSEL LN,,,,,,,,,,,,,,,,,,,,,,,,,,0,,,,,,8,22,7,21,YER,YER,LYN,LYN,NV,NV,89447,89447,US,,,6/9/2021 18:27,6/17/2021 16:11,TSPROULE,,,LOCAL,,,1,{168BD611-8D74-4640-9A39-F0B1DBD55DCC},,,,5266.112735052801327
,,ARTIST VIEW,,DR,ARTIST VIEW DR,,,,,,,,,,,,,,,,,,,,M,,,C,,,0,,,,,,201,269,200,268,WEL,WEL,LYN,LYN,NV,NV,89444,89444,US,,,6/9/2021 18:27,6/9/2021 18:27,SDE,,,LOCAL,,,1,{16CFA0B9-90C6-4D8D-B417-B6FE8EA49380},,,,3584.184075992408907
,,SILVERADO,,RD,SILVERADO RD,,,,,,,,,,,,,,,,,,,,,,,,,GR,0,,,,,,1,15,2,14,YER,YER,LYN,LYN,NV,NV,89447,89447,US,,,6/9/2021 18:27,6/9/2021 18:27,SDE,,,LOCAL,,,1,{176CB6EF-05B4-4618-A5EF-B997E5C59BEB},,,,785.008379219374774
,,OSBORNE,,LN,OSBORNE LN,,,,,,,,,,,,,,,,,,,,,,,,,CS,0,,,,,,,,,,YER,YER,LYN,LYN,NV,NV,89447,89447,US,,,6/9/2021 18:27,6/9/2021 18:27,SDE,,,LOCAL,,,1,{17989CBC-83CE-4B17-97AA-7D9A7714E6CA},,,,831.261679778651569
,,JAMES,,CT,JAMES CT,,,,,,,,,,,,,,,,,,,,,,,,,,0,,,,,,,,,,CAR,CAR,LYN,LYN,NV,NV,89706,89706,US,,,6/9/2021 18:27,6/9/2021 18:27,SDE,,,LOCAL,,,1,{179CB15D-36BE-4FBC-AAA8-47E780BB1E98},,,,496.557691646235526
,,BALDWIN,,LN,BALDWIN LN,,,,,,,,,,,,,,,,,,,,,,,,,,0,,,,,,2,30,9,37,CAR,CAR,LYN,LYN,NV,NV,89706,89706,US,,,6/9/2021 18:27,6/23/2021 15:05,TSPROULE,,,LOCAL,,,1,{17E5503F-3DE1-412F-AD08-2D3C4DBCAD8B},,,,1614.565899855098905
,,WEED HEIGHTS,,RD,WEED HEIGHTS RD,,,,,,,,,,,,,,,,,,,,,,,,,,0,,,,,,,,,,YER,YER,LYN,LYN,NV,NV,89447,89447,US,,,6/9/2021 18:27,6/9/2021 18:27,SDE,,,LOCAL,,,1,{17F888FB-ACE9-4028-94F1-3F00D4340CED},,,,778.083273189762167
,,DIKE,,RD,DIKE RD,,,,,,,,,,,,,,,,,,,,M,,,L,,,0,,,,,,,,,,WEL,WEL,LYN,LYN,NV,NV,89444,89444,US,,,6/9/2021 18:27,6/9/2021 18:27,SDE,,,LOCAL,,,1,{180BF46B-3660-40A1-A5BD-1A96F9B0835D},,,,10.766254933283077
,,NORTHRIDGE,,DR,NORTHRIDGE DR,,,,,,,,,,,,,,,,,,,,,,,,,GR,0,,,,,,25,29,34,40,YER,YER,LYN,LYN,NV,NV,89447,89447,US,,,6/9/2021 18:27,6/9/2021 18:27,SDE,,,LOCAL,,,1,{181EFAA9-73FD-4DAF-958D-21BAD7535621},,,,399.631295236062556
,,MT GRANT,,DR,MT GRANT DR,,,,,,,,,,,,,,,,,,,,,,,,,,0,,,,,,140,178,141,179,SV,SV,LYN,LYN,NV,NV,89430,89430,US,,,6/9/2021 18:27,6/9/2021 18:27,SDE,,,LOCAL,,,1,{183609FA-4786-4738-BF51-5FF73A87DD29},,,,1756.860930161204124
,,MEAD,,AVE,MEAD AVE,,,,,,,,,,,,,,,,,,,,,,,,,,0,,,,,,,,,,YER,YER,LYN,LYN,NV,NV,89447,89447,US,,,6/9/2021 18:27,6/9/2021 18:27,SDE,,,LOCAL,,,1,{1842F5D8-0D40-4BBF-84DF-660E5A64794B},,,,137.914287392897506
,,BELMONT,,ST,BELMONT ST,,,,,,,,,,,,,,,,,,,,,,,,,,0,,,,,,100,107,,,YER,YER,LYN,LYN,NV,NV,89447,89447,US,,,6/9/2021 18:27,6/9/2021 18:27,SDE,,,LOCAL,,,1,{1862C04C-A4AA-4C7D-9ED6-653D445FE70F},,,,637.072337509961926
,,PINENUT,,DR,PINENUT DR,,,,,,,,,,,,,,,,,,,,,,,,,,0,,,,,,,,,,YER,YER,LYN,LYN,NV,NV,89447,89447,US,,,6/9/2021 18:27,6/9/2021 18:27,SDE,,,LOCAL,,,1,{18785949-1BD2-4E98-8634-B40690617D09},,,,598.704900148132538
,,IDAHO,,ST,IDAHO ST,,,,,,,,,,,,,,,,,,,,,,,,,,0,,,,,,57,59,58,60,YER,YER,LYN,LYN,NV,NV,89447,89447,US,,,6/9/2021 18:27,6/9/2021 18:27,SDE,,,LOCAL,,,1,{187D50A3-7459-4C61-B539-D87819FF1306},,,,65.223214160742842
,,FAIRVIEW,,ST,FAIRVIEW ST,,,,,,,,,,,,,,,,,,,,,,,,,,0,,,,,,509,517,,,YER,YER,LYN,LYN,NV,NV,89447,89447,US,,,6/9/2021 18:27,6/9/2021 18:27,SDE,,,LOCAL,,,1,{18C27C38-5197-4870-A346-CB7BD87E2181},,,,610.210833119916742
,,DAY,,LN,DAY LN,,,,,,,,,,,,,,,,,,,,NM,,,M,,,0,,,,,,221,235,220,234,WEL,WEL,LYN,LYN,NV,NV,89444,89444,US,,,6/9/2021 18:27,6/9/2021 18:27,SDE,,,LOCAL,,,1,{19B2FB75-9025-4063-99D9-370D51F4D7C5},,,,884.768153936545559
,,ATCHESON,,RD,ATCHESON RD,,,,,,,,,,,,,,,,,,,,M,,,C,,,0,,,,,,1,129,2,128,WEL,WEL,LYN,LYN,NV,NV,89444,89444,US,,,6/9/2021 18:27,6/9/2021 18:27,SDE,,,DIRT,,,1,{19D3B444-4AD2-4212-A4AF-F3585BFAFCE7},,,,5962.323888660306693
,,FRANKLIN,,ST,FRANKLIN ST,,,,,,,,,,,,,,,,,,,,,,,,,,0,,,,,,1,15,,,YER,YER,LYN,LYN,NV,NV,89447,89447,US,,,6/9/2021 18:27,6/17/2021 22:09,TSPROULE,,,LOCAL,,,1,{1A092CE0-88F4-4B10-9452-B045395769AD},,,,473.804952473461583
,,MAIN,,ST,MAIN ST,,NV,208,,HWY,NV HWY 208,,,,,,,,,,,,,,,,,,,,0,,,,,,377,399,376,398,YER,YER,LYN,LYN,NV,NV,89447,89447,US,,,6/9/2021 18:27,6/9/2021 18:27,SDE,,,LOCAL,,,1,{1A32AB17-3919-429D-BC1B-6BD2F2C8C0D4},,,,96.552937983256598
,,AGATE CIRCLE,,DR,AGATE CIRCLE DR,,,,,,,,,,,,,,,,,,,,,,,,,CS,0,,,,,,2,20,1,19,YER,YER,LYN,LYN,NV,NV,89447,89447,US,,,6/9/2021 18:27,6/9/2021 18:27,SDE,,,LOCAL,,,1,{1A51BF40-F07A-406F-9228-5B9154CEE3EF},,,,766.397206293261888
